experiment_dir,test_mae,test_rmse,test_r2,host_latency_ms,host_max_freq_hz,model_size_mb,n_params
archive_season2/archive_8/exp_S2A8F_feat_trunk_consistency_teacher_Test-m2_S008_seed42,1.94540274143219,2.495392322540283,,1.93,518.14,0.8585,225042
archive_season2/archive_6/exp_S2A6F_ctrl_teacher_kinpower_Test-m2_S008_seed42,1.952374815940857,2.470097303390503,,1.8637,536.57,0.8548,224072
archive_season2/archive_7/exp_S2A7_feat_worksplit_teacher_Test-m2_S008_seed42,1.966028094291687,2.488140821456909,,2.3039,434.04,0.8592,225236
archive_season2/archive_7/exp_S2A7_feat_impedance_teacher_Test-m2_S008_seed42,1.9698926210403442,2.520482063293457,,1.9065,524.51,0.8607,225624
archive_season2/archive_6/exp_S2A6F_ctrl_teacher_kinpower_Test-m2_S001_seed42,1.9811408519744873,2.529062271118164,,2.3603,423.68,0.8548,224072
archive_season2/archive_1/exp_S2A1_bodyframe_biomech_fusion_Test-m2_S001_seed42,1.9861568212509155,2.5760257244110107,,1.7513,570.99,0.8555,224266
archive_season2/archive_6/exp_S2A6_ctrl_teacher_kinpower_Test-m2_S008_seed42,1.9979914426803589,2.5474741458892822,,2.5249,396.06,0.8548,224072
archive_season2/archive_8/exp_S2A8_feat_short_worksplit_teacher_Test-m2_S008_seed42,2.0042688846588135,2.579474925994873,,2.1828,458.13,0.8607,225624
archive_season2/archive_6/exp_S2A6R_ctrl_teacher_kinpower_seed07_Test-m2_S008_seed42,2.009777069091797,2.555072069168091,,2.3297,429.24,0.8548,224072
archive_season1/archive_5/exp_A5_res_noise_001_Test-m2_S008_seed42,2.012575387954712,2.5628442764282227,,1.7896,558.79,0.8503,222908
archive_season2/archive_8/exp_S2A8_feat_trunk_consistency_teacher_Test-m2_S008_seed42,2.0136265754699707,2.5546369552612305,,1.7621,567.51,0.8585,225042
archive_season2/archive_8/exp_S2A8F_feat_lag_teacher_Test-m2_S008_seed42,2.0210957527160645,2.570138931274414,,2.0839,479.87,0.8592,225236
archive_season2/archive_7/exp_S2A7_feat_trunk_consistency_teacher_Test-m2_S008_seed42,2.021883249282837,2.5775976181030273,,2.1424,466.77,0.8585,225042
archive_season2/archive_5/exp_S2A5_ctrl_quat_res_kin_power_Test-m2_S008_seed42,2.022859811782837,2.5762581825256348,,2.3553,424.57,0.8548,224072
archive_season2/archive_2/exp_S2A2_feat_quat_mech_kin_Test-m2_S008_seed42,2.0296621322631836,2.579867362976074,,2.1402,467.24,0.8548,224072
archive_season2/archive_8/exp_S2A8_feat_norm_load_coupling_teacher_Test-m2_S008_seed42,2.0309977531433105,2.5977354049682617,,2.0649,484.27,0.8592,225236
archive_season2/archive_8/exp_S2A8_feat_normload_worksplit_teacher_Test-m2_S008_seed42,2.0311245918273926,2.5702357292175293,,1.8949,527.73,0.8607,225624
archive_season2/archive_3/exp_S2A3_ref_euler_quat_Test-m2_S008_seed42,2.0335710048675537,2.6182096004486084,,9.115,109.71,0.8503,222908
archive_season2/archive_8/exp_S2A8_feat_norm_worksplit_teacher_Test-m2_S008_seed42,2.0352091789245605,2.6308226585388184,,2.4066,415.52,0.8592,225236
archive_season2/archive_6/exp_S2A6R_ctrl_teacher_kinpower_seed07_Test-m2_S002_seed42,2.041043996810913,2.5970382690429688,,2.6805,373.07,0.8548,224072
archive_season2/archive_4/exp_S2A4_feat_quat_kinematics_Test-m2_S008_seed42,2.0425097942352295,2.594475507736206,,2.4764,403.81,0.8533,223684
archive_season2/archive_8/exp_S2A8F_feat_normload_worksplit_teacher_Test-m2_S008_seed42,2.043182611465454,2.5967071056365967,,1.8988,526.64,0.8607,225624
archive_season2/archive_4/exp_S2A4_ctrl_quat_res_noise001_Test-m2_S008_seed42,2.050307035446167,2.62101149559021,,2.4219,412.9,0.8503,222908
archive_season2/archive_7/exp_S2A7_feat_hysteresis_teacher_Test-m2_S008_seed42,2.058628797531128,2.6198270320892334,,1.7512,571.02,0.8562,224460
archive_season2/archive_4/exp_S2A4_feat_quat_mech_power_Test-m2_S008_seed42,2.059643507003784,2.631854772567749,,1.8473,541.32,0.8518,223296
archive_season2/archive_6/exp_S2A6R_ctrl_teacher_kinpower_seed99_Test-m2_S002_seed42,2.0609447956085205,2.656196355819702,,2.5382,393.97,0.8548,224072
archive_season2/archive_4/exp_S2A4_ctrl_quat_res_kin_power_Test-m2_S008_seed42,2.0624494552612305,2.6387827396392822,,2.8488,351.02,0.8548,224072
archive_season2/archive_4/exp_S2A4_feat_quat_mech_kin_asym_Test-m2_S008_seed42,2.0629842281341553,2.6120760440826416,,2.2536,443.74,0.857,224654
archive_season2/archive_5/exp_S2A5_feat_quat_load_coupling_Test-m2_S008_seed42,2.063692092895508,2.661703109741211,,2.5331,394.78,0.8548,224072
archive_season2/archive_6/exp_S2A6R_ctrl_teacher_kinpower_seed99_Test-m2_S008_seed42,2.0682616233825684,2.649256944656372,,1.8313,546.05,0.8548,224072
archive_season2/archive_8/exp_S2A8F_feat_norm_worksplit_teacher_Test-m2_S002_seed42,2.0724844932556152,2.6984262466430664,,2.1175,472.25,0.8592,225236
archive_season2/archive_8/exp_S2A8_feat_lag_teacher_Test-m2_S008_seed42,2.073209762573242,2.6129775047302246,,2.0151,496.25,0.8592,225236
archive_season2/archive_5/exp_S2A5_feat_kinpower_load_coupling_Test-m2_S008_seed42,2.080502510070801,2.6589019298553467,,2.2423,445.97,0.8592,225236
archive_season1/archive_5/exp_A5_res_dropout_01_Test-m2_S008_seed42,2.084939479827881,2.651501417160034,,1.7866,559.74,0.8503,222908
archive_season2/archive_7/exp_S2A7F_feat_worksplit_teacher_Test-m2_S008_seed42,2.0929245948791504,2.648813009262085,,1.9897,502.6,0.8592,225236
archive_season2/archive_7/exp_S2A7_ctrl_teacher_kinpower_Test-m2_S008_seed42,2.0937764644622803,2.6438939571380615,,2.0013,499.67,0.8548,224072
archive_season2/archive_7/exp_S2A7_feat_phase_teacher_Test-m2_S008_seed42,2.0968949794769287,2.6770973205566406,,2.3364,428.01,0.8622,226012
archive_season2/archive_7/exp_S2A7_feat_lag_teacher_Test-m2_S008_seed42,2.09718656539917,2.65883469581604,,2.554,391.55,0.8622,226012
archive_season2/archive_2/exp_S2A2_ctrl_quat_residual_Test-m2_S008_seed42,2.0984935760498047,2.6566450595855713,,2.0843,479.77,0.8503,222908
archive_season2/archive_8/exp_S2A8F_feat_norm_worksplit_teacher_Test-m2_S008_seed42,2.100118637084961,2.6516177654266357,,2.3021,434.38,0.8592,225236
archive_season2/archive_7/exp_S2A7_ctrl_tiny_kinpower_w100_Test-m2_S008_seed42,2.100579261779785,2.6576271057128906,,1.9815,504.66,0.0867,22720
archive_season2/archive_4/exp_S2A4_feat_quat_all_biomech_Test-m2_S008_seed42,2.102865219116211,2.618326425552368,,2.4412,409.63,0.8599,225430
archive_season2/archive_8/exp_S2A8F_feat_short_worksplit_teacher_Test-m2_S002_seed42,2.1028878688812256,2.7420156002044678,,2.5613,390.43,0.8607,225624
archive_season2/archive_8/exp_S2A8F_feat_short_worksplit_teacher_Test-m2_S008_seed42,2.1116104125976562,2.653226852416992,,2.3141,432.13,0.8607,225624
archive_season2/archive_4/exp_S2A4_feat_quat_asymmetry_Test-m2_S008_seed42,2.1147043704986572,2.6785213947296143,,2.469,405.02,0.8525,223490
archive_season2/archive_8/exp_S2A8F_feat_norm_load_coupling_teacher_Test-m2_S008_seed42,2.116865634918213,2.681506872177124,,2.4264,412.14,0.8592,225236
archive_season2/archive_7/exp_S2A7F_feat_load_coupling_teacher_Test-m2_S001_seed42,2.119927406311035,2.6797807216644287,,2.1877,457.1,0.8548,224072
archive_season2/archive_6/exp_S2A6_tiny_loadgate_kinpower_w100_smooth_Test-m2_S008_seed42,2.134488821029663,2.7013022899627686,,2.7353,365.59,0.09,23597
archive_season2/archive_7/exp_S2A7F_feat_load_coupling_teacher_Test-m2_S002_seed42,2.137148857116699,2.7169971466064453,,2.2876,437.14,0.8548,224072
archive_season2/archive_7/exp_S2A7F_feat_impedance_teacher_Test-m2_S001_seed42,2.1381969451904297,2.636018991470337,,2.2675,441.02,0.8607,225624
archive_season2/archive_8/exp_S2A8F_feat_normload_worksplit_teacher_Test-m2_S002_seed42,2.138824224472046,2.82482647895813,,2.3881,418.74,0.8607,225624
archive_season2/archive_7/exp_S2A7F_feat_load_coupling_teacher_Test-m2_S008_seed42,2.13985276222229,2.7282285690307617,,2.2909,436.52,0.8548,224072
archive_season2/archive_7/exp_S2A7_feat_best_physics_teacher_Test-m2_S008_seed42,2.1417088508605957,2.699474573135376,,2.4961,400.63,0.8747,229310
archive_season2/archive_6/exp_S2A6R_tiny_kinpower_w100_seed99_Test-m2_S008_seed42,2.1417932510375977,2.707181930541992,,1.7067,585.94,0.0867,22720
archive_season2/archive_2/exp_S2A2_ctx_bodyframe_mech_kin_win300_k7_Test-m2_S008_seed42,2.1424877643585205,2.7098634243011475,,2.0645,484.38,1.1641,305160
archive_season2/archive_6/exp_S2A6F_tiny_kinpower_w100_Test-m2_S008_seed42,2.1450867652893066,2.7274975776672363,,2.182,458.29,0.0867,22720
archive_season2/archive_5/exp_S2A5_ctrl_quat_res_noise001_Test-m2_S008_seed42,2.146970748901367,2.7272567749023438,,2.2911,436.47,0.8503,222908
archive_season1/archive_5/exp_A5_res_kin_power_Test-m2_S008_seed42,2.1475095748901367,2.756044626235962,,1.7437,573.5,0.8548,224072
archive_season2/archive_5/exp_S2A5_feat_kinpower_all_misalign_Test-m2_S008_seed42,2.1577608585357666,2.6966309547424316,,2.2166,451.13,0.871,228340
archive_season2/archive_6/exp_S2A6F_tiny_loadgate_kinpower_w100_smooth_Test-m2_S008_seed42,2.15891170501709,2.737603187561035,,1.9528,512.09,0.09,23597
archive_season1/archive_5/exp_A5_res_mech_power_Test-m2_S008_seed42,2.1614911556243896,2.722653865814209,,1.7176,582.22,0.8518,223296
archive_season1/archive_5/exp_A5_res_k7_Test-m2_S008_seed42,2.1654603481292725,2.7642624378204346,,1.7842,560.47,1.1582,303612
archive_season2/archive_6/exp_S2A6R_ctrl_teacher_kinpower_seed99_Test-m2_S001_seed42,2.167137622833252,2.706641435623169,,2.2951,435.71,0.8548,224072
archive_season2/archive_6/exp_S2A6F_tiny_kinpower_w100_Test-m2_S001_seed42,2.1685454845428467,2.7561075687408447,,2.1512,464.86,0.0867,22720
archive_season2/archive_4/exp_S2A4_feat_quat_gait_asymmetry_Test-m2_S008_seed42,2.1693050861358643,2.7380623817443848,,2.4876,402.0,0.854,223878
archive_season2/archive_5/exp_S2A5_feat_quat_all_misalign_Test-m2_S008_seed42,2.173489809036255,2.7403857707977295,,2.0663,483.95,0.8666,227176
archive_season2/archive_8/exp_S2A8F_feat_norm_worksplit_teacher_Test-m2_S001_seed42,2.17848801612854,2.7692813873291016,,2.2828,438.06,0.8592,225236
archive_season2/archive_7/exp_S2A7F_feat_impedance_teacher_Test-m2_S008_seed42,2.1835880279541016,2.7665584087371826,,1.7641,566.87,0.8607,225624
archive_season2/archive_6/exp_S2A6_tiny_kinpower_w100_Test-m2_S008_seed42,2.186295747756958,2.7832694053649902,,2.2635,441.8,0.0867,22720
archive_season2/archive_7/exp_S2A7_tiny_phase_trunk_w100_Test-m2_S008_seed42,2.1891002655029297,2.7791903018951416,,2.0514,487.48,0.0904,23710
archive_season2/archive_3/exp_S2A3_repr_rawimu6_quat_Test-m2_S008_seed42,2.190124273300171,2.7612428665161133,,5.0208,199.17,0.8525,223490
archive_season1/archive_5/exp_A5_res_deflection_Test-m2_S008_seed42,2.19240665435791,2.751375198364258,,1.7344,576.56,0.8518,223296
archive_season2/archive_6/exp_S2A6R_tiny_kinpower_w100_seed07_Test-m2_S008_seed42,2.1925482749938965,2.780008316040039,,2.1939,455.82,0.0867,22720
archive_season2/archive_8/exp_S2A8F_feat_lag_teacher_Test-m2_S002_seed42,2.1926445960998535,2.801553249359131,,1.9898,502.55,0.8592,225236
archive_season2/archive_7/exp_S2A7F_feat_worksplit_teacher_Test-m2_S002_seed42,2.193164348602295,2.797071695327759,,2.3705,421.86,0.8592,225236
archive_season2/archive_6/exp_S2A6F_ctrl_teacher_kinpower_Test-m2_S002_seed42,2.195709466934204,2.822354316711426,,2.3515,425.27,0.8548,224072
archive_season2/archive_8/exp_S2A8_ctrl_teacher_kinpower_Test-m2_S008_seed42,2.1999809741973877,2.752720594406128,,2.3274,429.66,0.8548,224072
archive_season2/archive_6/exp_S2A6R_tiny_kinpower_w100_seed07_Test-m2_S002_seed42,2.203212022781372,2.9069387912750244,,2.227,449.03,0.0867,22720
archive_season2/archive_1/exp_S2A1_bodyframe_mechpower_kinematics_Test-m2_S008_seed42,2.216456413269043,2.803903579711914,,1.7337,576.8,0.8548,224072
archive_season2/archive_6/exp_S2A6R_tiny_kinpower_w100_seed99_Test-m2_S002_seed42,2.2230496406555176,2.8842155933380127,,1.6574,603.37,0.0867,22720
archive_season2/archive_8/exp_S2A8F_feat_norm_load_coupling_teacher_Test-m2_S002_seed42,2.2237322330474854,2.837867021560669,,2.3785,420.43,0.8592,225236
archive_season2/archive_6/exp_S2A6F_tiny_kinpower_w100_Test-m2_S002_seed42,2.2256221771240234,2.8709020614624023,,2.4688,405.05,0.0867,22720
archive_season2/archive_6/exp_S2A6R_tiny_kinpower_w100_seed99_Test-m2_S001_seed42,2.2336888313293457,2.7997829914093018,,1.7476,572.21,0.0867,22720
archive_season2/archive_3/exp_S2A3_repr_gravity6_quat_Test-m2_S008_seed42,2.2348716259002686,2.829833745956421,,7.1084,140.68,0.8525,223490
archive_season2/archive_5/exp_S2A5_feat_quat_compliance_Test-m2_S008_seed42,2.2410335540771484,2.7943456172943115,,2.1809,458.53,0.8562,224460
archive_season2/archive_2/exp_S2A2_model_bodyframe_mech_kin_small_Test-m2_S008_seed42,2.2488999366760254,2.8270416259765625,,1.8227,548.64,0.4851,127168
archive_season2/archive_8/exp_S2A8F_ctrl_teacher_kinpower_Test-m2_S008_seed42,2.2542734146118164,2.837425947189331,,2.3223,430.61,0.8548,224072
archive_season2/archive_6/exp_S2A6_ultratiny_loadgate_kinpower_w75_Test-m2_S008_seed42,2.2589945793151855,2.8643453121185303,,2.197,455.17,0.0291,7641
archive_season1/archive_5/exp_A5_residual_Test-m2_S008_seed42,2.261364221572876,2.8443799018859863,,1.7992,555.8,0.8503,222908
archive_season2/archive_2/exp_S2A2_model_bodyframe_gated_Test-m2_S008_seed42,2.264106273651123,2.8351731300354004,,2.1918,456.25,0.8572,224715
archive_season2/archive_6/exp_S2A6F_tiny_loadgate_kinpower_w100_smooth_Test-m2_S002_seed42,2.2654688358306885,2.9297752380371094,,2.6255,380.87,0.09,23597
archive_season1/archive_4/exp_A4_quat_dropout_015_Test-m2_S008_seed42,2.274665594100952,2.8480467796325684,,1.7366,575.85,0.8503,222908
archive_season1/archive_5/exp_A5_mech_power_Test-m2_S008_seed42,2.275461196899414,2.878926992416382,,1.7518,570.83,0.8518,223296
archive_season2/archive_2/exp_S2A2_ctrl_hybrid_bodyframe_quat_Test-m2_S008_seed42,2.2977070808410645,2.8828375339508057,,2.2263,449.18,0.8533,223684
archive_season2/archive_6/exp_S2A6F_tiny_loadgate_kinpower_w100_smooth_Test-m2_S001_seed42,2.3053534030914307,2.929326057434082,,3.5393,282.54,0.09,23597
archive_season2/archive_8/exp_S2A8F_ctrl_teacher_kinpower_Test-m2_S001_seed42,2.3068935871124268,2.8899192810058594,,2.3909,418.26,0.8548,224072
archive_season2/archive_2/exp_S2A2_feat_bodyframe_mech_kin_Test-m2_S008_seed42,2.3092286586761475,2.891751289367676,,2.1909,456.43,0.8548,224072
archive_season2/archive_3/exp_S2A3_repr_gravity6_Test-m2_S008_seed42,2.3181965351104736,2.912212610244751,,7.2331,138.25,0.8496,222714
archive_season1/archive_4/exp_A4_quat_motor_Test-m2_S008_seed42,2.3200607299804688,2.9565703868865967,,1.7533,570.35,0.8518,223296
archive_season2/archive_5/exp_S2A5_feat_kinpower_compliance_Test-m2_S008_seed42,2.3368892669677734,2.898622512817383,,2.5322,394.91,0.8607,225624
archive_season2/archive_6/exp_S2A6R_ctrl_teacher_kinpower_seed07_Test-m2_S001_seed42,2.3425378799438477,2.9181668758392334,,2.4501,408.15,0.8548,224072
archive_season2/archive_5/exp_S2A5_feat_quat_relkin_Test-m2_S008_seed42,2.344877243041992,3.0041253566741943,,1.7253,579.61,0.8562,224460
archive_season2/archive_1/exp_S2A1_bodyframe_core_Test-m2_S008_seed42,2.3511977195739746,2.9527828693389893,,2.2359,447.24,0.8503,222908
archive_season2/archive_3/exp_S2A3_repr_symyaw6_quat_Test-m2_S008_seed42,2.362760305404663,2.9608538150787354,,4.8492,206.22,0.8525,223490
archive_season2/archive_6/exp_S2A6_tiny_loadgate_quat_w100_Test-m2_S008_seed42,2.3690402507781982,3.0066864490509033,,1.9892,502.7,0.088,23075
archive_season2/archive_4/exp_S2A4_feat_quat_deflection_Test-m2_S008_seed42,2.3691489696502686,2.9523184299468994,,2.3322,428.79,0.8518,223296
archive_season2/archive_8/exp_S2A8F_feat_lag_teacher_Test-m2_S001_seed42,2.3796539306640625,2.899334669113159,,1.9296,518.25,0.8592,225236
archive_season1/archive_3/exp_A3_quaternion_Test-m2_S008_seed42,2.3881497383117676,3.036482095718384,,1.8411,543.15,0.8503,222908
archive_season2/archive_8/exp_S2A8F_feat_short_worksplit_teacher_Test-m2_S001_seed42,2.3909945487976074,2.936234951019287,,2.5211,396.65,0.8607,225624
archive_season2/archive_8/exp_S2A8F_feat_trunk_consistency_teacher_Test-m2_S006_seed42,2.406858444213867,2.984726905822754,,2.0658,484.07,0.8585,225042
archive_season2/archive_5/exp_S2A5_feat_kinpower_relkin_Test-m2_S008_seed42,2.415316104888916,2.998117446899414,,2.5133,397.88,0.8607,225624
archive_season2/archive_6/exp_S2A6R_tiny_kinpower_w100_seed99_Test-m2_S006_seed42,2.427618980407715,3.043410062789917,,1.7144,583.29,0.0867,22720
archive_season2/archive_8/exp_S2A8F_feat_norm_load_coupling_teacher_Test-m2_S006_seed42,2.4412214756011963,3.0508697032928467,,2.1778,459.18,0.8592,225236
archive_season2/archive_8/exp_S2A8F_feat_norm_worksplit_teacher_Test-m2_S006_seed42,2.4516544342041016,3.0638368129730225,,1.9213,520.49,0.8592,225236
archive_season2/archive_2/exp_S2A2_ctrl_bodyframe_core_Test-m2_S008_seed42,2.459644079208374,3.0811197757720947,,1.8256,547.77,0.8503,222908
archive_season2/archive_8/exp_S2A8F_ctrl_teacher_kinpower_Test-m2_S006_seed42,2.4605860710144043,3.0539913177490234,,2.4919,401.3,0.8548,224072
archive_season2/archive_6/exp_S2A6R_tiny_kinpower_w100_seed07_Test-m2_S001_seed42,2.4637181758880615,3.0753188133239746,,2.1882,456.99,0.0867,22720
archive_season2/archive_1/exp_S2A1_bodyframe_biomech_fusion_Test-m2_S008_seed42,2.4641451835632324,3.135284900665283,,2.3158,431.81,0.8555,224266
archive_season2/archive_6/exp_S2A6F_tiny_kinpower_w100_Test-m2_S006_seed42,2.4651143550872803,3.0784664154052734,,1.9669,508.41,0.0867,22720
archive_season2/archive_2/exp_S2A2_model_bodyframe_gru_Test-m2_S008_seed42,2.4656918048858643,3.084223985671997,,1.9067,524.45,0.9812,257224
archive_season2/archive_6/exp_S2A6_tiny_loadgate_kinpower_w100_Test-m2_S008_seed42,2.4663171768188477,3.1173665523529053,,3.2965,303.36,0.09,23597
archive_season2/archive_7/exp_S2A7_tiny_best_physics_w100_Test-m2_S008_seed42,2.466984748840332,3.114086151123047,,1.6641,600.93,0.0935,24502
archive_season1/archive_4/exp_A4_quat_dropout_01_Test-m2_S008_seed42,2.468318223953247,3.0794172286987305,,1.818,550.07,0.8503,222908
archive_season2/archive_1/exp_S2A1_bodyframe_gaitphase_asymmetry_Test-m2_S008_seed42,2.468341588973999,3.0786960124969482,,1.7485,571.9,0.8533,223684
archive_season2/archive_5/exp_S2A5_feat_quat_relkin_compliance_Test-m2_S008_seed42,2.4703314304351807,3.105168342590332,,2.5004,399.94,0.8622,226012
archive_season1/archive_1/baseline_Test-m2_S008_seed42,2.4706733226776123,3.0751237869262695,,1.7865,559.77,0.8503,222908
archive_season2/archive_3/exp_S2A3_repr_rawimu6_Test-m2_S008_seed42,2.4707512855529785,3.1181514263153076,,3.8119,262.33,0.8496,222714
archive_season2/archive_8/exp_S2A8F_feat_trunk_consistency_teacher_Test-m2_S001_seed42,2.4735450744628906,3.0528156757354736,,2.3055,433.75,0.8585,225042
archive_season2/archive_2/exp_S2A2_ctrl_bodyframe_no_overground_Test-m2_S008_seed42,2.478018283843994,3.107484817504883,,2.1491,465.31,0.8496,222714
archive_season2/archive_6/exp_S2A6R_ctrl_teacher_kinpower_seed99_Test-m2_S006_seed42,2.480290412902832,3.1118783950805664,,2.4113,414.71,0.8548,224072
archive_season1/archive_4/exp_A4_quat_win300_Test-m2_S008_seed42,2.481945276260376,3.111212968826294,,2.0671,483.76,0.8503,222908
archive_season2/archive_3/exp_S2A3_repr_bodypca6_quat_Test-m2_S008_seed42,2.4869494438171387,3.1851389408111572,,5.3835,185.75,0.8525,223490
archive_season1/archive_4/exp_A4_quat_k7_Test-m2_S008_seed42,2.487372398376465,3.1544392108917236,,1.7757,563.15,1.1582,303612
archive_season2/archive_6/exp_S2A6R_ctrl_teacher_kinpower_seed07_Test-m2_S006_seed42,2.4985358715057373,3.1319966316223145,,2.3457,426.31,0.8548,224072
archive_season2/archive_7/exp_S2A7F_feat_worksplit_teacher_Test-m2_S001_seed42,2.5031025409698486,3.1311328411102295,,2.4879,401.94,0.8592,225236
archive_season2/archive_6/exp_S2A6F_tiny_loadgate_kinpower_w100_smooth_Test-m2_S006_seed42,2.504223108291626,3.119861125946045,,2.5165,397.37,0.09,23597
archive_season1/archive_5/exp_A5_gated_tcn_Test-m2_S008_seed42,2.5121936798095703,3.1139495372772217,,1.8951,527.69,0.852,223353
archive_season2/archive_6/exp_S2A6F_ctrl_teacher_kinpower_Test-m2_S006_seed42,2.515984535217285,3.134059190750122,,2.5047,399.25,0.8548,224072
archive_season2/archive_2/exp_S2A2_pre_bodyframe_mech_kin_lpf5_Test-m2_S008_seed42,2.530515193939209,3.164961814880371,,1.7307,577.79,0.8548,224072
archive_season2/archive_8/exp_S2A8F_feat_norm_load_coupling_teacher_Test-m2_S001_seed42,2.5324995517730713,3.0747408866882324,,2.3902,418.37,0.8592,225236
archive_season2/archive_8/exp_S2A8F_feat_lag_teacher_Test-m2_S006_seed42,2.533966064453125,3.2084596157073975,,1.872,534.2,0.8592,225236
archive_season1/archive_4/exp_A4_quat_kin_motor_Test-m2_S008_seed42,2.5371999740600586,3.178330183029175,,1.7544,570.0,0.8548,224072
archive_season2/archive_1/exp_S2A1_bodyframe_core_dropout005_Test-m2_S008_seed42,2.5417301654815674,3.1916263103485107,,1.7961,556.75,0.8503,222908
archive_season2/archive_7/exp_S2A7F_feat_load_coupling_teacher_Test-m2_S006_seed42,2.5450973510742188,3.1818478107452393,,2.1441,466.39,0.8548,224072
archive_season2/archive_1/exp_S2A1_bodyframe_core_standing_weight_Test-m2_S008_seed42,2.545485734939575,3.2413432598114014,,1.8102,552.41,0.8503,222908
archive_season2/archive_8/exp_S2A8F_feat_short_worksplit_teacher_Test-m2_S006_seed42,2.5606791973114014,3.1926372051239014,,2.4122,414.56,0.8607,225624
archive_season2/archive_8/exp_S2A8F_ctrl_teacher_kinpower_Test-m2_S002_seed42,2.5610339641571045,3.2337396144866943,,1.867,535.63,0.8548,224072
archive_season2/archive_6/exp_S2A6R_tiny_kinpower_w100_seed07_Test-m2_S006_seed42,2.5618653297424316,3.1654651165008545,,2.1858,457.49,0.0867,22720
archive_season1/archive_4/exp_A4_quat_kinetics_Test-m2_S008_seed42,2.562267541885376,3.2170157432556152,,1.8283,546.95,0.8533,223684
archive_season1/archive_3/exp_A3_full_combo_Test-m2_S008_seed42,2.5746147632598877,3.220651149749756,,1.7931,557.69,1.1582,303612
archive_season2/archive_3/exp_S2A3_repr_bodypca6_Test-m2_S008_seed42,2.5888683795928955,3.2153210639953613,,7.6141,131.34,0.8496,222714
archive_season2/archive_7/exp_S2A7F_feat_worksplit_teacher_Test-m2_S006_seed42,2.5943470001220703,3.2348947525024414,,2.3176,431.49,0.8592,225236
archive_season2/archive_6/exp_S2A6R_ctrl_teacher_kinpower_seed99_Test-m2_S005_seed42,2.6033308506011963,3.349867105484009,,2.5026,399.59,0.8548,224072
archive_season2/archive_1/exp_S2A1_bodyframe_deflection_asymmetry_Test-m2_S008_seed42,2.606964588165283,3.2893924713134766,,1.728,578.71,0.854,223878
archive_season2/archive_8/exp_S2A8F_feat_normload_worksplit_teacher_Test-m2_S001_seed42,2.608194589614868,3.160245895385742,,2.1117,473.55,0.8607,225624
archive_season2/archive_7/exp_S2A7F_feat_impedance_teacher_Test-m2_S006_seed42,2.6177635192871094,3.2323672771453857,,2.3146,432.04,0.8607,225624
archive_season2/archive_8/exp_S2A8F_feat_norm_worksplit_teacher_Test-m2_S005_seed42,2.6215157508850098,3.273482084274292,,2.4524,407.77,0.8592,225236
archive_season2/archive_6/exp_S2A6R_ctrl_teacher_kinpower_seed07_Test-m2_S005_seed42,2.626389265060425,3.3325271606445312,,2.4554,407.27,0.8548,224072
archive_season2/archive_7/exp_S2A7F_feat_impedance_teacher_Test-m2_S005_seed42,2.6346592903137207,3.387481212615967,,2.3241,430.28,0.8607,225624
archive_season2/archive_8/exp_S2A8F_feat_trunk_consistency_teacher_Test-m2_S005_seed42,2.641754388809204,3.3122339248657227,,2.2713,440.28,0.8585,225042
archive_season2/archive_8/exp_S2A8F_feat_normload_worksplit_teacher_Test-m2_S006_seed42,2.64574933052063,3.3259294033050537,,2.367,422.47,0.8607,225624
archive_season2/archive_6/exp_S2A6F_tiny_kinpower_w100_Test-m2_S004_seed42,2.660393476486206,3.2662718296051025,,2.2008,454.37,0.0867,22720
archive_season2/archive_7/exp_S2A7F_feat_worksplit_teacher_Test-m2_S005_seed42,2.663243293762207,3.407607316970825,,2.306,433.65,0.8592,225236
archive_season1/archive_4/exp_A4_quat_noise_001_Test-m2_S008_seed42,2.667229652404785,3.3384993076324463,,1.8221,548.82,0.8503,222908
archive_season2/archive_8/exp_S2A8F_ctrl_teacher_kinpower_Test-m2_S005_seed42,2.6848068237304688,3.4237663745880127,,2.4883,401.89,0.8548,224072
archive_season2/archive_6/exp_S2A6F_ctrl_teacher_kinpower_Test-m2_S005_seed42,2.6882057189941406,3.4330053329467773,,2.4401,409.82,0.8548,224072
archive_season2/archive_7/exp_S2A7F_feat_impedance_teacher_Test-m2_S002_seed42,2.693021774291992,3.5346765518188477,,2.3291,429.35,0.8607,225624
archive_season1/archive_3/exp_A3_kinetics_Test-m2_S008_seed42,2.6967251300811768,3.387481689453125,,1.7949,557.12,0.8503,222908
archive_season2/archive_6/exp_S2A6R_ctrl_teacher_kinpower_seed07_Test-m2_S004_seed42,2.7081005573272705,3.316444158554077,,2.4148,414.12,0.8548,224072
archive_season2/archive_6/exp_S2A6F_tiny_loadgate_kinpower_w100_smooth_Test-m2_S005_seed42,2.7095108032226562,3.499821186065674,,3.7343,267.79,0.09,23597
archive_season1/archive_4/exp_A4_quat_kin_k7_Test-m2_S008_seed42,2.7103524208068848,3.356685161590576,,1.754,570.13,1.1621,304644
archive_season2/archive_6/exp_S2A6R_tiny_kinpower_w100_seed07_Test-m2_S004_seed42,2.712606191635132,3.319049835205078,,2.2724,440.07,0.0867,22720
archive_season2/archive_8/exp_S2A8F_feat_trunk_consistency_teacher_Test-m2_S002_seed42,2.715625286102295,3.542681932449341,,2.1428,466.69,0.8585,225042
archive_season2/archive_7/exp_S2A7F_feat_load_coupling_teacher_Test-m2_S005_seed42,2.745710611343384,3.4882073402404785,,2.2609,442.3,0.8548,224072
archive_season1/archive_3/exp_A3_motor_angle_Test-m2_S008_seed42,2.756527900695801,3.512282609939575,,1.8093,552.71,0.8488,222520
archive_season2/archive_8/exp_S2A8F_feat_short_worksplit_teacher_Test-m2_S005_seed42,2.7634289264678955,3.483614921569824,,2.3128,432.37,0.8607,225624
archive_season2/archive_6/exp_S2A6R_tiny_kinpower_w100_seed99_Test-m2_S005_seed42,2.778541088104248,3.5073530673980713,,1.7479,572.11,0.0867,22720
archive_season2/archive_6/exp_S2A6F_tiny_loadgate_kinpower_w100_smooth_Test-m2_S007_seed42,2.7819812297821045,3.8349907398223877,,2.5871,386.54,0.09,23597
archive_season1/archive_4/exp_A4_quat_noise_005_Test-m2_S008_seed42,2.8007538318634033,3.462707042694092,,1.8405,543.32,0.8503,222908
archive_season2/archive_6/exp_S2A6R_ctrl_teacher_kinpower_seed99_Test-m2_S004_seed42,2.801792860031128,3.415848731994629,,2.4311,411.33,0.8548,224072
archive_season2/archive_8/exp_S2A8F_feat_normload_worksplit_teacher_Test-m2_S004_seed42,2.8161637783050537,3.466215133666992,,2.2009,454.35,0.8607,225624
archive_season2/archive_3/exp_S2A3_repr_symyaw6_Test-m2_S008_seed42,2.817495107650757,3.453624725341797,,5.6194,177.95,0.8496,222714
etc/exp_no_torque_Test-m2_S008_seed42,2.8208696842193604,3.4794294834136963,,1.7505,571.27,0.8488,222520
archive_season2/archive_6/exp_S2A6F_tiny_kinpower_w100_Test-m2_S005_seed42,2.838615655899048,3.612351179122925,,2.3139,432.17,0.0867,22720
archive_season2/archive_6/exp_S2A6F_ctrl_teacher_kinpower_Test-m2_S004_seed42,2.8436310291290283,3.457224130630493,,2.5803,387.55,0.8548,224072
archive_season1/archive_3/exp_A3_dropout_03_Test-m2_S008_seed42,2.8553454875946045,3.5937106609344482,,1.7745,563.55,0.8474,222132
archive_season2/archive_8/exp_S2A8F_feat_normload_worksplit_teacher_Test-m2_S005_seed42,2.85609769821167,3.602921485900879,,2.264,441.69,0.8607,225624
archive_season1/archive_2/exp_A2_quaternion_Test-m2_S008_seed42,2.865471839904785,3.5498290061950684,,1.8018,554.99,0.8488,222520
archive_season2/archive_8/exp_S2A8F_feat_lag_teacher_Test-m2_S004_seed42,2.868372678756714,3.5006461143493652,,1.8173,550.27,0.8592,225236
archive_season1/archive_2/exp_A2_thigh_kinetics_Test-m2_S008_seed42,2.8689510822296143,3.591459035873413,,1.7767,562.84,0.8503,222908
archive_season2/archive_6/exp_S2A6R_tiny_kinpower_w100_seed99_Test-m2_S007_seed42,2.894932508468628,3.8608148097991943,,1.7137,583.53,0.0867,22720
archive_season1/archive_3/exp_A3_lr_0005_Test-m2_S008_seed42,2.9041266441345215,3.618959665298462,,1.7932,557.65,0.8474,222132
archive_season2/archive_8/exp_S2A8F_feat_trunk_consistency_teacher_Test-m2_S007_seed42,2.9181830883026123,3.831056833267212,,1.7498,571.5,0.8585,225042
archive_season2/archive_7/exp_S2A7F_feat_load_coupling_teacher_Test-m2_S004_seed42,2.9181971549987793,3.6076436042785645,,2.0432,489.44,0.8548,224072
archive_season2/archive_8/exp_S2A8F_feat_norm_load_coupling_teacher_Test-m2_S005_seed42,2.920480966567993,3.617499828338623,,2.3239,430.31,0.8592,225236
archive_season2/archive_6/exp_S2A6R_tiny_kinpower_w100_seed99_Test-m2_S004_seed42,2.9261341094970703,3.6184983253479004,,1.7324,577.25,0.0867,22720
archive_season2/archive_6/exp_S2A6R_tiny_kinpower_w100_seed07_Test-m2_S005_seed42,2.931504011154175,3.664738655090332,,2.9301,341.28,0.0867,22720
archive_season1/archive_2/exp_A2_thigh_gyro_Test-m2_S008_seed42,2.9323477745056152,3.6449708938598633,,1.7684,565.48,0.8496,222714
archive_season1/archive_3/exp_A3_win300_k7_Test-m2_S008_seed42,2.9329564571380615,3.622419834136963,,1.7366,575.84,1.1543,302580
archive_season2/archive_8/exp_S2A8F_feat_trunk_consistency_teacher_Test-m2_S004_seed42,2.9333407878875732,3.5244810581207275,,2.3067,433.53,0.8585,225042
archive_season1/archive_1/exp_full_features_Test-m2_S008_seed42,2.937004566192627,3.6738979816436768,,1.8613,537.26,0.8518,223296
archive_season2/archive_6/exp_S2A6R_tiny_kinpower_w100_seed07_Test-m2_S007_seed42,2.9388489723205566,3.892235517501831,,2.1668,461.52,0.0867,22720
archive_season2/archive_6/exp_S2A6F_tiny_loadgate_kinpower_w100_smooth_Test-m2_S004_seed42,2.940916061401367,3.643430709838867,,3.7435,267.13,0.09,23597
archive_season1/archive_2/exp_A2_quat_replace_euler_Test-m2_S008_seed42,2.9442837238311768,3.605516195297241,,1.7136,583.58,0.8466,221938
archive_season2/archive_7/exp_S2A7F_feat_worksplit_teacher_Test-m2_S004_seed42,2.952166795730591,3.5603671073913574,,1.8665,535.76,0.8592,225236
archive_season1/archive_2/exp_A2_mech_power_Test-m2_S008_seed42,2.9553062915802,3.637298345565796,,1.7651,566.53,0.8474,222132
archive_season1/archive_3/exp_A3_dropout_01_Test-m2_S008_seed42,2.9564785957336426,3.7082107067108154,,1.7301,577.99,0.8474,222132
archive_season2/archive_8/exp_S2A8F_feat_short_worksplit_teacher_Test-m2_S004_seed42,2.960228204727173,3.611844539642334,,1.9489,513.12,0.8607,225624
archive_season1/archive_3/exp_A3_epochs_50_Test-m2_S008_seed42,2.9693968296051025,3.7007782459259033,,1.8007,555.35,0.8474,222132
archive_season1/archive_3/exp_A3_channels_wide_Test-m2_S008_seed42,2.9700279235839844,3.7054638862609863,,1.8224,548.73,3.295,863764
archive_season2/archive_8/exp_S2A8F_feat_lag_teacher_Test-m2_S005_seed42,2.97318434715271,3.7630159854888916,,1.8575,538.34,0.8592,225236
archive_season2/archive_6/exp_S2A6F_tiny_kinpower_w100_Test-m2_S007_seed42,2.9762256145477295,3.872758388519287,,2.447,408.67,0.0867,22720
archive_season1/archive_2/exp_A2_thigh_lowdrop_Test-m2_S008_seed42,2.9886107444763184,3.725338935852051,,1.8172,550.29,0.8474,222132
archive_season2/archive_7/exp_S2A7F_feat_worksplit_teacher_Test-m2_S007_seed42,2.995513916015625,3.9143741130828857,,2.3984,416.95,0.8592,225236
archive_season1/archive_1/exp_full_imu_euler_Test-m2_S008_seed42,3.0051066875457764,3.839994192123413,,1.7116,584.25,0.8503,222908
archive_season2/archive_8/exp_S2A8F_feat_norm_worksplit_teacher_Test-m2_S007_seed42,3.018503189086914,3.950681209564209,,2.2456,445.31,0.8592,225236
archive_season2/archive_8/exp_S2A8F_ctrl_teacher_kinpower_Test-m2_S004_seed42,3.0197620391845703,3.6729867458343506,,2.3818,419.86,0.8548,224072
archive_season2/archive_8/exp_S2A8F_feat_normload_worksplit_teacher_Test-m2_S007_seed42,3.0226194858551025,3.923475742340088,,2.3331,428.61,0.8607,225624
archive_season1/archive_2/exp_A2_motor_angle_Test-m2_S008_seed42,3.0254275798797607,3.7834787368774414,,1.7943,557.33,0.8474,222132
archive_season2/archive_8/exp_S2A8F_feat_lag_teacher_Test-m2_S007_seed42,3.031654119491577,4.107626914978027,,1.8045,554.18,0.8592,225236
archive_season1/archive_2/exp_A2_win300_k7_Test-m2_S008_seed42,3.03843355178833,3.7668869495391846,,1.7897,558.74,1.1543,302580
archive_season2/archive_6/exp_S2A6R_ctrl_teacher_kinpower_seed07_Test-m2_S007_seed42,3.052438735961914,3.956650733947754,,2.3195,431.12,0.8548,224072
archive_season2/archive_8/exp_S2A8F_feat_short_worksplit_teacher_Test-m2_S007_seed42,3.0530734062194824,4.033781051635742,,2.3176,431.48,0.8607,225624
archive_season1/archive_2/exp_A2_thigh_gyro_e50_Test-m2_S008_seed42,3.0574097633361816,3.8025360107421875,,1.7158,582.83,0.8496,222714
archive_season1/archive_2/exp_A2_gyro_only_Test-m2_S008_seed42,3.0627846717834473,3.8456263542175293,,1.7812,561.41,0.8481,222326
archive_season2/archive_8/exp_S2A8F_feat_norm_load_coupling_teacher_Test-m2_S007_seed42,3.065436363220215,4.036559581756592,,2.3682,422.25,0.8592,225236
archive_season2/archive_6/exp_S2A6R_ctrl_teacher_kinpower_seed99_Test-m2_S007_seed42,3.0796279907226562,3.920196294784546,,1.9122,522.97,0.8548,224072
archive_season1/archive_1/exp_hip_velocity_Test-m2_S008_seed42,3.0980172157287598,3.909792184829712,,1.7285,578.52,0.8474,222132
archive_season1/archive_2/exp_A2_full_imu_Test-m2_S008_seed42,3.101928234100342,3.8934781551361084,,1.7799,561.83,0.8503,222908
archive_season1/archive_2/exp_A2_thigh_velocity_Test-m2_S008_seed42,3.106783151626587,3.872122049331665,,1.7363,575.93,0.8488,222520
archive_season2/archive_8/exp_S2A8F_feat_norm_worksplit_teacher_Test-m2_S004_seed42,3.1142587661743164,3.735949993133545,,2.2443,445.57,0.8592,225236
archive_season2/archive_7/exp_S2A7F_feat_load_coupling_teacher_Test-m2_S007_seed42,3.1159918308258057,4.132841110229492,,1.9271,518.92,0.8548,224072
archive_season1/archive_1/exp_gated_tcn_Test-m2_S008_seed42,3.1180810928344727,3.8695003986358643,,1.9097,523.64,0.8468,221991
archive_season2/archive_6/exp_S2A6F_ctrl_teacher_kinpower_Test-m2_S007_seed42,3.1208653450012207,4.029190540313721,,1.8315,546.0,0.8548,224072
archive_season1/archive_1/exp_low_dropout_Test-m2_S008_seed42,3.133206844329834,4.003277778625488,,1.7253,579.62,0.8459,221744
archive_season2/archive_7/exp_S2A7F_feat_impedance_teacher_Test-m2_S004_seed42,3.1351611614227295,3.8417718410491943,,2.1891,456.8,0.8607,225624
archive_season2/archive_8/exp_S2A8F_ctrl_teacher_kinpower_Test-m2_S007_seed42,3.1355514526367188,3.966855049133301,,2.3958,417.39,0.8548,224072
archive_season1/archive_5/exp_A5_deflection_Test-m2_S008_seed42,3.170827865600586,3.8825082778930664,,1.8543,539.29,0.8518,223296
archive_season1/archive_1/exp_euler_gyro_fusion_Test-m2_S008_seed42,3.1833810806274414,3.9756994247436523,,1.8147,551.05,0.8481,222326
archive_season1/archive_2/exp_A2_overground_accel_Test-m2_S008_seed42,3.1843719482421875,3.9624416828155518,,1.7678,565.67,0.8481,222326
archive_season2/archive_8/exp_S2A8F_feat_norm_load_coupling_teacher_Test-m2_S004_seed42,3.1867516040802,3.837087631225586,,2.6318,379.96,0.8592,225236
archive_season2/archive_7/exp_S2A7F_feat_impedance_teacher_Test-m2_S007_seed42,3.2099051475524902,4.0442047119140625,,2.1325,468.93,0.8607,225624
archive_season1/archive_1/exp_euler_accel_fusion_Test-m2_S008_seed42,3.2618775367736816,4.070074558258057,,1.7251,579.69,0.8481,222326
archive_season1/archive_2/exp_A2_accel_only_Test-m2_S008_seed42,3.362078905105591,4.142773151397705,,1.711,584.46,0.8481,222326
archive_season1/archive_1/exp_wider_tcn_Test-m2_S008_seed42,3.3661177158355713,4.254266262054443,,1.7541,570.09,3.2921,862992
archive_season1/archive_2/exp_A2_thigh_angle_Test-m2_S008_seed42,3.366783857345581,4.149062633514404,,1.7151,583.06,0.8474,222132
archive_season1/archive_1/exp_large_kernel_Test-m2_S008_seed42,3.393268585205078,4.29465389251709,,1.729,578.36,1.4587,382384
archive_season1/archive_1/exp_multi_head_mlp_Test-m2_S008_seed42,3.4247512817382812,4.371193885803223,,1.8222,548.78,0.9099,238512
archive_season1/archive_1/exp_win_300_Test-m2_S008_seed42,3.4347081184387207,4.364512920379639,,1.7849,560.24,0.8459,221744
archive_season1/archive_2/exp_A2_torque_dot_Test-m2_S008_seed42,3.438650131225586,4.2315673828125,,1.707,585.82,0.8474,222132
archive_season1/archive_1/exp_tcn_bigru_Test-m2_S008_seed42,3.446790933609009,4.357532024383545,,1.9079,524.12,1.1301,296240
archive_season1/archive_2/exp_A2_hip_thigh_both_Test-m2_S008_seed42,3.447875738143921,4.262224197387695,,1.8173,550.26,0.8474,222132
archive_season1/archive_1/exp_yaw_only_Test-m2_S008_seed42,3.4661707878112793,4.380630016326904,,1.7804,561.66,0.8444,221356
archive_season1/archive_1/exp_deeper_tcn_Test-m2_S008_seed42,3.489964723587036,4.429629325866699,,2.157,463.62,5.2321,1371568
archive_season1/archive_1/exp_multi_horizon_Test-m2_S008_seed42,3.5023975372314453,4.423248291015625,,1.8381,544.04,0.8459,221744
archive_season1/archive_1/exp_gait_phase_Test-m2_S008_seed42,3.5065205097198486,4.453340530395508,,1.7237,580.16,0.8474,222132
archive_season1/archive_1/exp_seq_output_25_Test-m2_S008_seed42,3.530522346496582,4.4617133140563965,,1.7147,583.2,0.8459,221744
archive_season1/archive_1/exp_tcn_gru_Test-m2_S008_seed42,3.5332202911376953,4.468322277069092,,1.8894,529.28,0.9724,254896
archive_season1/archive_2/exp_A2_asymmetry_Test-m2_S008_seed42,3.5612733364105225,4.350072860717773,,1.8334,545.42,0.8474,222132
archive_season1/archive_1/exp_win_400_Test-m2_S008_seed42,3.5674078464508057,4.505263328552246,,1.7715,564.5,0.8459,221744
archive_season2/archive_6/exp_S2A6F_tiny_kinpower_w100_Test-m2_S003_seed42,3.595677614212036,6.850222110748291,,2.2892,436.84,0.0867,22720
archive_season1/archive_1/exp_high_wd_Test-m2_S008_seed42,3.603055000305176,4.540478706359863,,1.8077,553.17,0.8459,221744
archive_season1/archive_1/exp_stride_01_Test-m2_S008_seed42,3.607468366622925,4.5674638748168945,,1.7303,577.92,0.8459,221744
archive_season1/archive_1/exp_low_lr_Test-m2_S008_seed42,3.609973669052124,4.583132743835449,,1.7339,576.75,0.8459,221744
archive_season2/archive_8/exp_S2A8F_feat_normload_worksplit_teacher_Test-m2_S003_seed42,3.625624418258667,6.873034477233887,,1.9309,517.9,0.8607,225624
archive_season1/archive_1/exp_seq_output_10_Test-m2_S008_seed42,3.6380560398101807,4.579170227050781,,1.7127,583.89,0.8459,221744
archive_season1/archive_1/exp_tcn_gru_deep_Test-m2_S008_seed42,3.6382346153259277,4.67781400680542,,1.9034,525.39,1.6017,419888
archive_season2/archive_8/exp_S2A8F_feat_trunk_consistency_teacher_Test-m2_S003_seed42,3.6521263122558594,6.911203861236572,,2.4145,414.17,0.8585,225042
archive_season1/archive_1/exp_win_100_Test-m2_S008_seed42,3.6615383625030518,4.627441883087158,,1.7244,579.91,0.8459,221744
archive_season2/archive_8/exp_S2A8F_ctrl_teacher_kinpower_Test-m2_S003_seed42,3.691718339920044,6.892798900604248,,2.3563,424.39,0.8548,224072
archive_season2/archive_8/exp_S2A8F_feat_norm_load_coupling_teacher_Test-m2_S003_seed42,3.7728657722473145,6.989664554595947,,2.6566,376.43,0.8592,225236
archive_season2/archive_6/exp_S2A6F_ctrl_teacher_kinpower_Test-m2_S003_seed42,3.7975683212280273,6.979098796844482,,2.4337,410.89,0.8548,224072
archive_season1/archive_1/exp_roll_pitch_only_Test-m2_S008_seed42,3.8556859493255615,4.798978328704834,,1.7909,558.39,0.8451,221550
archive_season2/archive_7/exp_S2A7F_feat_load_coupling_teacher_Test-m2_S003_seed42,3.878814697265625,7.026304244995117,,2.3822,419.78,0.8548,224072
archive_season2/archive_8/exp_S2A8F_feat_lag_teacher_Test-m2_S003_seed42,3.902627468109131,7.061407089233398,,1.8436,542.41,0.8592,225236
archive_season2/archive_6/exp_S2A6F_tiny_loadgate_kinpower_w100_smooth_Test-m2_S003_seed42,3.9218719005584717,7.1391472816467285,,3.3366,299.71,0.09,23597
archive_season1/archive_1/exp_high_dropout_Test-m2_S008_seed42,3.925621271133423,4.874000072479248,,1.7364,575.9,0.8459,221744
archive_season2/archive_8/exp_S2A8F_feat_short_worksplit_teacher_Test-m2_S003_seed42,3.940251588821411,7.109285354614258,,1.8448,542.07,0.8607,225624
archive_season2/archive_6/exp_S2A6R_ctrl_teacher_kinpower_seed99_Test-m2_S003_seed42,3.9489903450012207,7.102750778198242,,2.5734,388.58,0.8548,224072
archive_season1/archive_2/exp_A2_thigh_only_Test-m2_S008_seed42,3.977592945098877,4.876994609832764,,1.7328,577.1,0.8459,221744
archive_season2/archive_6/exp_S2A6R_ctrl_teacher_kinpower_seed07_Test-m2_S003_seed42,3.999805212020874,7.1757893562316895,,2.5219,396.52,0.8548,224072
archive_season2/archive_6/exp_S2A6R_tiny_kinpower_w100_seed99_Test-m2_S003_seed42,4.013239860534668,7.108240127563477,,1.7303,577.95,0.0867,22720
archive_season2/archive_8/exp_S2A8F_feat_norm_worksplit_teacher_Test-m2_S003_seed42,4.065643310546875,7.151487350463867,,2.5916,385.86,0.8592,225236
archive_season2/archive_7/exp_S2A7F_feat_worksplit_teacher_Test-m2_S003_seed42,4.0709733963012695,7.27470064163208,,2.1576,463.48,0.8592,225236
archive_season1/archive_1/exp_small_kernel_Test-m2_S008_seed42,4.096261978149414,5.08828067779541,,1.8536,539.48,0.5395,141424
archive_season2/archive_7/exp_S2A7F_feat_impedance_teacher_Test-m2_S003_seed42,4.1391072273254395,7.234326362609863,,2.3642,422.97,0.8607,225624
archive_season1/archive_1/exp_attention_v2_Test-m2_S008_seed42,4.1513214111328125,5.249180316925049,,1.8107,552.28,0.8464,221873
archive_season2/archive_6/exp_S2A6R_tiny_kinpower_w100_seed07_Test-m2_S003_seed42,4.2179365158081055,7.345795631408691,,2.4282,411.82,0.0867,22720
archive_season3/archive_1/exp_S3A1_fact_teacher_full_Test-m2_S008_seed42,4.866812229156494,6.477874279022217,,10.8611,92.07,0.2017,52876
archive_season1/archive_2/exp_A2_explicit_fusion_Test-m2_S008_seed42,4.968697547912598,5.992501735687256,,1.724,580.05,0.8503,222908
archive_season3/archive_1/exp_S3A1_fact_tiny_full_Test-m2_S008_seed42,5.013559341430664,6.654067039489746,,10.5856,94.47,0.0713,18680
archive_season3/archive_1/exp_S3A1_ctrl_tiny_thigh_Test-m2_S002_seed7,5.076191425323486,6.6904473304748535,,2.0325,491.99,0.0867,22720
archive_season3/archive_1/exp_S3A1_ctrl_tiny_thigh_Test-m2_S005_seed7,5.133540153503418,6.819648742675781,,2.3043,433.98,0.0867,22720
archive_season3/archive_1/exp_S3A1_fact_teacher_full_Test-m2_S002_seed7,5.144711971282959,6.763827800750732,,10.3021,97.07,0.2017,52876
archive_season3/archive_1/exp_S3A1_fact_tiny_full_Test-m2_S008_seed7,5.2323784828186035,6.935744762420654,,7.7702,128.7,0.0713,18680
archive_season3/archive_1/exp_S3A1_ctrl_tiny_thigh_Test-m2_S002_seed42,5.235469818115234,6.91450834274292,,2.4848,402.44,0.0867,22720
archive_season3/archive_1/exp_S3A1_fact_tiny_full_Test-m2_S005_seed42,5.266844272613525,6.908022880554199,,10.2191,97.86,0.0713,18680
archive_season3/archive_1/exp_S3A1_fact_teacher_full_Test-m2_S008_seed7,5.302845478057861,6.980831623077393,,6.9616,143.64,0.2017,52876
archive_season3/archive_1/exp_S3A1_fact_tiny_full_Test-m2_S002_seed42,5.344170093536377,6.971221923828125,,10.5945,94.39,0.0713,18680
archive_season3/archive_1/exp_S3A1_ctrl_teacher_thigh_Test-m2_S002_seed42,5.395800590515137,7.295466423034668,,2.6305,380.16,0.8548,224072
archive_season3/archive_1/exp_S3A1_fact_teacher_full_Test-m2_S002_seed42,5.5192060470581055,6.973730087280273,,13.8911,71.99,0.2017,52876
archive_season3/archive_1/exp_S3A1_ctrl_teacher_thigh_Test-m2_S008_seed42,5.523353576660156,7.209479331970215,,2.478,403.55,0.8548,224072
archive_season3/archive_1/exp_S3A1_ctrl_tiny_thigh_Test-m2_S008_seed42,5.540462017059326,7.325922012329102,,2.3537,424.86,0.0867,22720
archive_season3/archive_1/exp_S3A1_ctrl_teacher_thigh_Test-m2_S008_seed7,5.546390056610107,7.233243942260742,,2.4041,415.96,0.8548,224072
archive_season3/archive_1/exp_S3A1_fact_teacher_physonly_Test-m2_S008_seed7,5.550562858581543,7.338508605957031,,6.9885,143.09,0.1496,39222
archive_season3/archive_1/exp_S3A1_fact_tiny_full_Test-m2_S002_seed7,5.577983379364014,7.327514171600342,,7.7966,128.26,0.0713,18680
archive_season3/archive_1/exp_S3A1_ctrl_teacher_thigh_Test-m2_S002_seed7,5.624293804168701,7.6135358810424805,,2.6194,381.77,0.8548,224072
archive_season3/archive_1/exp_S3A1_ctrl_tiny_thigh_Test-m2_S008_seed7,5.636021614074707,7.333796977996826,,2.4327,411.06,0.0867,22720
archive_season3/archive_1/exp_S3A1_fact_teacher_full_Test-m2_S005_seed7,5.713118076324463,7.30639123916626,,7.364,135.8,0.2017,52876
archive_season3/archive_1/exp_S3A1_ctrl_teacher_thigh_Test-m2_S005_seed42,5.7541279792785645,7.404716968536377,,2.2477,444.9,0.8548,224072
archive_season3/archive_1/exp_S3A1_fact_tiny_full_Test-m2_S005_seed7,5.768552303314209,7.6995930671691895,,7.5823,131.89,0.0713,18680
archive_season3/archive_1/exp_S3A1_ctrl_teacher_thigh_Test-m2_S005_seed7,5.785411834716797,7.344452857971191,,2.5571,391.07,0.8548,224072
archive_season3/archive_1/exp_S3A1_lin_grouped_physics_Test-m2_S005_seed42,5.817526340484619,7.548163890838623,,3.869,258.46,0.0003,76
archive_season3/archive_1/exp_S3A1_ctrl_tiny_thigh_Test-m2_S005_seed42,5.822331428527832,7.805200099945068,,2.5536,391.6,0.0867,22720
archive_season3/archive_1/exp_S3A1_lin_grouped_physics_Test-m2_S005_seed7,5.833797454833984,7.566519737243652,,3.5403,282.46,0.0003,76
archive_season1/archive_2/exp_A2_deflection_Test-m2_S008_seed42,5.844889163970947,7.054990768432617,,1.797,556.48,0.8474,222132
archive_season3/archive_1/exp_S3A1_fact_teacher_physonly_Test-m2_S008_seed42,5.872471332550049,7.603562831878662,,8.3142,120.28,0.1496,39222
archive_season3/archive_1/exp_S3A1_fact_teacher_full_Test-m2_S005_seed42,6.063027858734131,7.7243547439575195,,9.9331,100.67,0.2017,52876
archive_season3/archive_1/exp_S3A1_lin_grouped_physics_Test-m2_S008_seed42,6.264861583709717,8.145868301391602,,3.4007,294.06,0.0003,76
archive_season3/archive_1/exp_S3A1_lin_grouped_physics_Test-m2_S008_seed7,6.298154354095459,8.182068824768066,,1.7965,556.65,0.0003,76
archive_season3/archive_1/exp_S3A1_fact_teacher_physonly_Test-m2_S005_seed42,6.581676483154297,8.296771049499512,,7.6515,130.69,0.1496,39222
archive_season3/archive_1/exp_S3A1_lin_grouped_physics_Test-m2_S002_seed42,7.269302845001221,9.526519775390625,,3.4396,290.73,0.0003,76
archive_season3/archive_1/exp_S3A1_lin_grouped_physics_Test-m2_S002_seed7,7.352774620056152,9.622610092163086,,2.1971,455.14,0.0003,76
archive_season3/archive_1/exp_S3A1_fact_teacher_physonly_Test-m2_S005_seed7,7.370611667633057,9.121759414672852,,7.7575,128.91,0.1496,39222
archive_season3/archive_1/exp_S3A1_fact_teacher_physonly_Test-m2_S002_seed42,9.06917953491211,11.069405555725098,,7.4833,133.63,0.1496,39222
archive_season3/archive_1/exp_S3A1_fact_teacher_physonly_Test-m2_S002_seed7,9.649328231811523,11.614891052246094,,7.4785,133.72,0.1496,39222
